1	119	4	1615337633
1	19	4	1623593045
1	56	1	1379532452
1	95	2	1621502516
1	190	3	1561963281
1	175	5	1585003919
1	45	1	1565407630
1	1	2	1382746366
1	30	5	1017709887
1	108	4	1000155289
1	113	1	995633320
1	109	1	950288866
1	56	5	965441294
1	85	4	1416613245
1	170	4	1261190373
1	148	3	1428290665
1	151	5	1285998917
1	62	3	1479657654
1	160	2	1616811671
1	12	5	1448254937
1	1	4	1643217905
1	108	2	1600151046
1	196	5	1258971328
1	137	1	1066682312
1	188	4	1664379956
1	185	2	1238310400
1	170	5	1322952429
1	147	1	1163980545
1	154	4	990286394
1	169	1	1643613771
1	155	1	1039455177
1	3	3	1443744179
1	101	2	1530125702
1	29	5	1111988093
1	126	1	1180068556
1	162	5	1244210406
1	185	3	985141458
1	122	2	1550773345
2	6	3	1411148109
2	33	1	1283862625
2	60	5	1206833824
2	10	1	1114060197
2	199	4	1217191254
2	63	2	1480115758
2	181	3	1072471194
2	25	5	1253152880
2	142	2	1068951217
2	8	4	1226387097
2	24	2	1437155815
2	26	1	1292916110
2	107	5	1106549847
2	19	2	980802608
2	128	5	1433510998
2	72	2	1138057586
2	28	2	1033502859
2	158	5	1318563333
2	200	4	1603524262
2	194	4	1471713313
2	133	2	1046669689
2	97	4	1623595451
2	66	5	1329767935
2	150	3	1506165390
2	137	1	1076637450
2	2	4	1662946581
2	126	3	1214683941
2	182	2	1312041600
2	15	4	1185050859
2	77	3	1243840750
2	159	4	1489746361
2	167	3	1322738053
2	122	2	973058296
2	70	1	1062413756
3	78	3	1019929895
3	110	5	1321554597
3	55	3	979777861
3	139	5	1540415691
3	169	2	1287371188
3	96	1	1527421149
3	75	1	1425712240
3	186	3	1448053454
3	87	3	951269032
3	108	1	1590451297
3	147	2	1659958967
3	6	2	1443459302
3	182	2	1140476135
3	102	3	1520623229
3	36	1	1061944743
3	194	1	1195219476
3	187	5	1577978263
3	46	1	1241922047
3	27	2	1592035683
3	85	1	1491011643
3	81	2	1526185380
3	115	3	1525163777
3	186	2	1416816540
3	25	5	1120114647
3	176	1	1303519046
3	66	1	1341714073
3	126	1	1317854053
3	161	2	1648134447
3	131	5	1594632367
3	188	3	1536167627
3	143	4	1203973010
3	98	4	1399777126
3	93	2	1090639669
3	159	5	987358615
3	26	2	1645919809
3	106	3	1651850328
3	7	4	1491660941
3	4	2	1468887272
3	66	5	1194866353
3	45	5	1328949998
3	57	2	1290647853
3	93	3	1380415532
3	112	3	1479668742
3	187	3	1531281540
3	36	3	1311301971
3	63	3	1415269507
3	162	1	1609249274
3	172	1	1394188756
3	154	3	989151723
3	2	4	1565896566
3	176	3	1205555570
3	26	2	1551106422
3	50	5	1219596730
3	92	5	1263520336
3	91	3	1468459291
3	159	5	1301474066
4	187	5	1343053608
4	30	2	1427936600
4	194	2	977868804
4	129	4	1647623022
4	181	3	1478933435
4	100	4	1187392574
4	148	1	1571424610
4	166	5	980971484
4	22	3	988430357
4	74	2	1323124018
4	129	3	1096507134
4	69	4	1190435253
4	112	3	948547295
4	87	3	1142220528
4	161	3	1665805984
4	185	1	960241823
4	106	4	1309696031
4	158	3	1041151397
4	154	2	1667481651
4	67	5	1203957418
4	36	5	1103101343
4	13	2	1217303881
4	174	3	1604345363
4	157	1	1445512867
4	147	4	1419145855
4	133	5	1603180074
4	85	3	1637307961
4	184	1	1157310462
4	37	3	1514633280
4	144	1	1468189680
4	149	1	1067545525
4	109	2	1201943977
4	20	1	1577348696
4	47	1	1138691566
4	125	4	1503870714
4	176	1	1002610710
4	62	4	1231101547
4	186	4	1544902906
4	40	5	1125722588
4	123	4	976733023
4	26	5	1504711881
4	73	2	1155732997
4	21	3	1064009138
4	68	2	1644716801
5	46	5	975301924
5	53	4	1056138124
5	107	5	1301789686
5	62	5	1099390861
5	196	3	1515823025
5	195	3	1023542615
5	18	4	1149260136
5	164	4	1634712758
5	123	2	1179458033
5	166	3	1413900538
5	170	3	998707362
5	2	5	1112018803
5	18	1	1596447202
5	180	4	1634202488
5	158	3	1298685262
5	58	3	1483800777
5	23	1	1119920097
5	117	4	1233489744
5	96	3	1010223542
5	85	4	1560451927
5	178	1	1614909480
5	133	1	1632590674
5	75	5	1610752078
5	193	2	1201211851
5	24	1	1242004276
5	79	5	1621056645
5	103	3	965521904
5	176	2	1153227821
5	21	4	1342245686
5	93	1	1325852739
5	59	5	1176319671
5	45	1	1447867623
6	144	3	1279918252
6	23	5	1559836375
6	148	1	1286666396
6	191	4	967487246
6	36	5	1070900116
6	21	5	1105437422
6	53	5	1650350921
6	173	5	1366736916
6	170	5	1576459415
6	32	5	1441951035
6	183	5	1625245541
6	121	4	1338472325
6	169	3	1062698965
6	121	4	1008379094
6	66	4	1255290143
6	155	1	1458747094
6	135	1	1025755052
6	40	2	1401896661
6	120	3	1037288200
6	85	4	1038604185
6	56	3	1462822978
6	56	2	1106057808
6	164	1	1511270841
6	150	1	1231218291
6	8	5	1179858981
6	63	2	1159405792
6	112	1	1479548387
6	8	3	1278027556
6	145	2	1417554313
6	85	1	1143409411
6	34	4	1085620644
6	85	2	1153588448
6	125	5	1447149656
6	86	2	1055480947
6	188	2	1036436431
6	153	2	1400693134
6	8	2	1589587076
6	128	4	952900860
6	51	5	1608125139
6	49	1	1670819547
6	101	4	1045431229
7	106	4	1495980696
7	147	4	1586287337
7	32	4	1017962039
7	50	3	1312714812
7	189	3	1667248933
7	44	5	1580629730
7	61	5	1614883811
7	82	5	1469869492
7	151	1	1117726607
7	59	4	1032275592
7	108	5	1396449325
7	199	1	1562543614
7	52	1	1330436724
7	15	3	1575084616
7	38	3	1406193057
7	169	1	1633248103
7	8	4	1514581653
7	138	1	1256282075
7	176	3	1206288379
7	162	3	1429241283
7	135	1	1652446129
7	79	1	1431023278
7	38	1	1215926825
7	4	4	1109730403
7	105	5	1269353470
7	133	5	1268754075
7	13	3	1338889555
7	108	3	998583556
7	69	3	1127772229
7	113	3	1159746092
7	21	2	1246946578
7	155	2	1045045343
7	4	1	1017665192
7	118	4	1603986561
7	144	1	1113438471
7	38	1	1095134486
7	86	3	1290612209
7	14	2	1361292581
8	146	2	1334110985
8	7	5	1031336972
8	193	4	1578855364
8	106	3	1358203700
8	125	2	971959806
8	92	1	1406570669
8	171	1	1668185205
8	33	5	1154349629
8	164	4	1075242719
8	26	3	1552860247
8	80	3	1482913710
8	112	1	1496817418
8	188	5	1507629452
8	17	5	1148625236
8	145	5	1081514001
8	171	4	1216427104
8	142	4	1221236769
8	11	3	962018554
8	148	2	1391657577
8	129	4	1328349382
8	29	5	1114851341
8	192	5	1622550402
8	78	5	1617952592
8	109	2	1284242987
8	48	2	1398740010
8	195	3	1414251007
8	150	2	1076877439
8	71	4	1571744664
8	160	4	1032370131
8	99	3	1425075576
8	178	5	1249028183
8	141	4	1533316453
8	195	3	1300430117
8	113	2	1142124496
8	63	1	1321523827
8	23	4	1049744639
8	98	4	1151296088
8	80	1	1362302597
8	58	3	1239828437
8	172	1	1110779095
8	106	1	1324747309
8	194	3	1617437790
8	101	1	1661900714
8	101	2	1193465267
8	61	4	1563740473
8	180	5	993189340
8	54	1	982915350
8	80	2	1290616331
8	101	2	1258867931
8	163	4	1153739283
8	189	1	1340072911
8	22	5	1272745428
9	169	3	1294096172
9	180	5	1625395697
9	180	5	957916673
9	146	1	1665318008
9	57	1	1268394243
9	63	5	1610392692
9	34	3	961927894
9	155	5	1468512892
9	88	3	1486056641
9	147	5	1123272051
9	124	3	1494742774
9	121	3	1534195337
9	5	2	1358742354
9	60	3	1225321985
9	194	4	1346385794
9	34	5	948049962
9	110	1	1069098863
9	11	4	1349034495
9	3	3	1169607533
9	31	1	1421304686
9	101	4	1486234980
9	39	4	1437761318
9	117	3	1286344103
9	82	5	1584359090
9	198	4	1331321463
9	92	3	1298032549
9	176	3	1188420448
9	1	3	1335429393
9	41	2	1001279611
9	93	3	991198114
9	73	5	1328178854
9	106	5	1363941336
9	72	1	1647139442
9	44	3	1132986479
9	8	1	1209559361
9	26	3	1074656600
9	90	4	1310556956
9	183	4	1363969371
9	87	4	1581060196
9	9	5	1145577196
10	57	4	1244461435
10	70	1	1457908384
10	78	5	953929033
10	68	3	1549097069
10	102	3	1408002072
10	84	1	1439182485
10	140	4	1073778722
10	85	4	1159113423
10	139	2	1243631857
10	55	4	1005995097
10	99	1	1371476565
10	148	1	1655852294
10	20	3	1030660181
10	182	4	1557352882
10	29	1	1284285343
10	113	4	1291340930
10	32	3	961356066
10	108	1	968202068
10	146	5	1433613558
10	103	2	1224787178
10	103	1	1442242422
10	68	5	1091191273
10	161	3	1638768638
10	186	2	1388305455
10	85	5	1460803996
10	63	4	1585238945
10	55	3	1226712822
10	131	1	1001428549
10	98	4	1043120469
10	190	5	968745829
10	15	5	1561990824
10	120	1	1103578838
10	134	4	1350507124
10	105	5	1398816216
11	59	1	1228600806
11	170	4	1550695838
11	80	3	1202646708
11	143	1	1629193125
11	198	5	1058845234
11	30	2	1667800536
11	44	2	1478286403
11	8	4	1189688666
11	69	2	1055214020
11	21	1	1517081597
11	15	1	1220332850
11	117	5	1491725264
11	126	2	1099153277
11	112	2	1639664473
11	95	2	1422763388
11	175	4	1437555888
11	197	1	960004704
11	72	1	1201123259
11	142	1	1524749062
11	46	1	1605800004
11	106	4	1567657727
11	62	5	1580288524
11	117	5	1327527861
11	44	1	1043162758
11	168	1	1473567915
11	146	3	1040666677
11	134	1	1653869227
11	198	1	1629250133
11	76	2	1023736195
11	57	2	1157767234
12	78	4	1080337262
12	58	2	1304695685
12	141	3	1196958553
12	187	4	1233166873
12	85	5	985105291
12	35	3	1108473349
12	32	1	1110560371
12	118	1	1614852209
12	55	3	1154514874
12	170	2	1391644100
12	91	4	1621560374
12	143	3	1590414184
12	11	4	1129249758
12	76	5	1434044783
12	153	1	1206773839
12	194	4	981265124
12	140	3	1186762632
12	55	2	1375835607
12	2	4	1421140150
12	37	3	1328764897
12	150	3	1113506103
12	4	3	1197496766
12	19	3	1044310448
12	49	2	1288921506
12	148	1	1166728469
12	103	5	1504655761
12	32	5	1555974279
12	179	3	1484183031
12	140	1	1103589576
12	144	5	1626567712
12	101	1	1081000901
12	24	4	1408814186
13	198	4	1637872740
13	150	3	1146950721
13	181	2	1583537579
13	11	4	1648837885
13	115	3	1179556558
13	81	2	1558284401
13	23	4	1621926637
13	133	2	1149759360
13	70	5	1376904051
13	149	5	1335048204
13	128	2	1399172465
13	83	3	1438345904
13	41	3	966831716
13	136	2	1438058004
13	20	4	998704255
13	158	4	1506807903
13	32	3	1612397138
13	88	1	1205462339
13	130	4	1666393155
13	23	3	1595449597
13	2	5	1228787558
13	173	3	1638588635
13	28	3	1042276954
13	149	1	1618529981
13	58	5	1460371515
13	135	1	963728129
13	100	5	1408879199
13	24	5	1130374898
13	148	5	1045307034
13	152	5	1479995779
13	10	4	1355445100
13	121	5	1159529771
13	38	3	1143045305
13	14	1	1274585271
14	107	2	1399847120
14	131	2	1243281897
14	15	2	1076091486
14	196	4	1146728503
14	33	1	1626159720
14	40	3	1109745708
14	124	1	1206745026
14	64	3	988626767
14	187	1	1406934604
14	29	3	1438582053
14	111	2	1354718568
14	22	1	1433375648
14	197	5	1594109606
14	75	2	1206078844
14	100	2	1198352402
14	51	2	1337990217
14	18	3	1109837746
14	66	2	1401295825
14	150	5	1313289730
14	140	2	1660508422
14	96	2	1177630837
14	32	3	1553423915
14	148	4	1285585262
14	84	1	1253346598
14	103	2	1125052296
14	136	4	1413981278
14	96	4	1379573096
14	93	4	1456630483
14	6	3	1215300501
14	64	4	988634952
14	59	5	1615949344
14	184	1	1433257378
15	42	4	1628506188
15	39	1	1088355412
15	132	1	1511894047
15	52	3	1315321759
15	153	3	1418670111
15	24	1	1261974198
15	160	5	1461524576
15	185	5	1566122230
15	80	4	1045623143
15	133	5	1120867234
15	125	3	1397489299
15	124	2	1154347374
15	144	5	1289332955
15	153	4	1024816642
15	63	2	1096793589
15	89	5	1090898322
15	47	3	1554053700
15	163	1	1017604310
15	6	4	1550365505
15	138	2	1014498632
15	133	3	964027363
15	43	5	1091118031
15	180	3	1667784542
15	90	1	1402088498
15	84	4	1589960064
15	184	3	1200303881
15	6	5	1113188419
15	48	1	1175472850
15	22	2	1041238510
15	12	2	1410667353
15	199	5	1167966966
15	125	1	1028688288
15	81	4	1158169154
15	173	2	1409685878
15	151	4	1078492587
15	115	1	1075100026
15	67	4	1342934715
15	130	2	1535136776
15	154	5	1573085724
15	154	4	1479412302
16	126	2	1274849280
16	133	2	1055120628
16	124	4	1028585113
16	184	4	1416745151
16	112	1	1004549514
16	14	4	1534160724
16	187	5	1501554006
16	109	2	1444737295
16	5	2	1419742052
16	77	5	1231209234
16	28	5	1286715403
16	18	3	1353014024
16	21	3	1165426452
16	153	3	1520935384
16	37	2	1606127940
16	140	4	970666737
16	198	5	1562886339
16	114	4	1075240426
16	28	1	1407339605
16	172	3	1025825231
16	107	1	1127870776
16	59	1	1049566430
16	75	4	1232282372
16	178	2	1240802313
16	56	1	1584592043
16	137	3	1469645445
16	115	5	1049721484
16	43	1	1603682922
16	42	3	1579152957
16	183	4	1111287366
16	2	4	1457644519
16	17	1	1422791393
16	30	4	1600921817
16	110	1	1092218875
16	20	5	1167210666
16	60	4	1241839392
16	10	5	1014002145
16	36	4	1461884445
16	154	3	1407360769
16	67	3	1410451420
16	123	4	1497563935
16	54	3	1127894255
16	123	3	957161525
16	118	2	1296614357
16	171	1	1396330383
16	78	4	1567485067
16	23	4	1084673889
16	35	1	1154043171
17	133	2	1374053416
17	189	1	1553405134
17	93	3	1237736989
17	191	5	1618078547
17	141	2	1414225343
17	77	3	1099204606
17	133	5	1395329090
17	63	3	1374472211
17	75	2	1633872524
17	155	5	1175421594
17	53	3	1187073363
17	59	4	1386869366
17	149	5	1505091880
17	40	3	1117006164
17	125	4	1511384061
17	106	4	1169446620
17	190	3	1541793360
17	164	2	1623538310
17	117	2	1366902760
17	99	1	1081860288
17	154	2	1242289722
17	92	1	1299669411
17	193	4	1182732807
17	182	5	1604210967
17	143	1	1501851935
17	172	3	1501448908
17	6	2	1669487475
17	154	5	1003055750
17	168	3	1522271488
17	36	3	1209945989
17	187	1	1003760884
17	165	2	1335657999
17	131	4	1107058524
17	176	1	1653592592
17	3	2	1180649767
17	62	1	1047721689
17	145	1	998949903
17	108	4	1324191592
17	129	1	1184702101
18	130	1	1309866435
18	121	1	1559508929
18	107	2	1132522261
18	42	1	997994378
18	172	5	1438727226
18	140	5	1097922697
18	47	5	1172372612
18	185	5	1138695262
18	77	5	1159131482
18	65	5	1534996268
18	143	5	1232667469
18	105	1	1295471921
18	169	2	1217451672
18	153	3	1506377530
18	69	2	1337974579
18	41	1	1038178011
18	97	3	1233323432
18	172	1	1646112660
18	193	4	1055537630
18	70	2	1294520803
18	64	2	1254654933
18	146	3	1119082667
18	187	5	1466890066
18	178	4	1087690819
18	80	1	1489315464
18	56	3	966647190
18	156	2	1257620344
18	200	2	1661113838
18	9	4	1524660446
18	82	1	1204376238
18	163	3	1267757354
18	150	5	1585013394
19	197	3	1025399413
19	188	3	967899799
19	191	3	1535522011
19	30	4	1105743626
19	23	2	1230230909
19	173	4	1658244386
19	180	4	1229011204
19	19	2	1456733795
19	100	3	1178279329
19	185	5	1022438981
19	102	5	1599784676
19	54	3	1646949837
19	127	5	1664623189
19	94	3	1618242226
19	122	1	1066050444
19	168	4	1597914626
19	106	2	1636348762
19	170	1	1367147156
19	2	1	1584683160
19	132	2	1466883528
19	141	1	967096750
19	113	3	1567354272
19	166	3	1396280866
19	18	5	1053936810
19	168	2	1115068387
19	45	3	1455680876
19	95	3	1184050778
19	133	5	1342117435
19	4	3	1120622633
19	45	1	1395546896
19	68	3	1411056529
19	192	1	1039310249
19	178	3	1460194294
19	155	1	969767605
19	43	5	1108236684
19	101	4	1019926043
19	47	1	1249969641
19	168	4	1133126818
19	103	5	1432855062
20	115	4	976806630
20	141	4	1572053457
20	157	5	1323904137
20	155	4	1087354108
20	136	3	1338581771
20	75	1	1222228183
20	21	5	1350903398
20	171	2	1565565155
20	30	5	1196957801
20	193	2	1076879116
20	114	5	1199478778
20	144	1	1400923978
20	80	1	1046627763
20	163	1	1232131992
20	47	4	954385783
20	69	5	1162871337
20	171	1	1131137217
20	181	4	1438293657
20	12	2	1603160537
20	33	2	1275428294
20	133	3	1260814140
20	18	2	1355569868
20	99	1	950421886
20	102	4	1055729120
20	86	5	1659404258
20	117	1	1554125599
20	15	2	1604542897
20	134	1	1556015868
20	54	5	1527410482
20	105	5	980484304
20	25	1	1166980759
20	163	5	1264577825
20	126	1	1512335623
20	197	3	1167232918
20	176	5	1353078580
20	148	1	1467483538
20	77	5	1595259054
21	131	2	1225610598
21	30	4	1091782594
21	58	3	1103549621
21	151	3	965718990
21	169	3	1617798187
21	95	4	1184722728
21	87	5	1549463355
21	196	1	1157305590
21	80	4	1120631955
21	189	3	1564229324
21	52	3	1587833036
21	155	2	1057735915
21	85	3	1652040327
21	153	4	1651503567
21	189	1	1368886883
21	67	1	1597865110
21	138	4	1587292277
21	35	3	1416964548
21	186	1	1318730218
21	148	1	1107785244
21	117	3	1568701387
21	177	2	1464987522
21	110	4	1235068203
21	91	5	1493612079
21	141	5	1668302305
21	199	5	1432301829
21	78	5	1069363892
21	132	1	1542739873
21	56	5	1565935207
21	90	1	1459922688
21	143	2	1451781320
21	26	3	1293270904
21	91	3	1092420776
21	192	4	1521019847
21	55	4	1640182071
21	110	2	1485381402
21	178	5	1050628042
21	145	4	1549803896
21	196	4	1019947705
21	164	2	1177540311
21	81	1	982764023
22	60	3	1203912888
22	90	2	1387399329
22	5	4	1595320053
22	190	3	1638797362
22	41	4	1132491519
22	166	1	1319575130
22	169	1	1276556933
22	190	1	1411067017
22	27	5	1237387435
22	11	5	1290654838
22	25	5	1272098137
22	16	4	1283022942
22	189	5	1627415160
22	10	2	1324893011
22	121	3	1361719356
22	101	5	1306105016
22	130	2	1074363042
22	4	1	1539522942
22	20	5	1035855590
22	42	4	987757963
22	50	3	1169113402
22	30	1	1646933626
22	136	5	1505262558
22	53	2	1245651478
22	190	1	1545342185
22	195	4	1469056705
22	144	1	1470259037
22	176	3	1179269344
22	186	2	977795444
22	46	3	1461986584
22	153	2	1337533645
22	7	2	1270029982
22	107	4	1266076135
22	1	4	1219726831
22	83	5	1452249206
22	17	3	1477414757
22	136	5	1289121154
22	168	3	1018334644
23	105	1	1650526458
23	83	4	1274339723
23	76	1	1452880781
23	126	3	1225859603
23	190	5	1379927803
23	108	3	1095372443
23	175	3	1553167085
23	166	4	1220646899
23	176	3	1407422194
23	78	5	1515906071
23	111	3	1286989379
23	174	3	1274667390
23	166	2	1138920498
23	4	1	1311771576
23	181	3	1107608515
23	135	2	1012907981
23	28	2	1479941375
23	179	1	1003994304
23	81	2	1400416775
23	199	3	983820630
23	153	3	1267159785
23	162	4	1636344213
23	70	4	1126908736
23	199	2	1514106775
23	82	3	1352273946
23	95	4	1551139619
23	52	4	1020736829
23	90	4	1307105958
23	144	5	1628479306
23	25	2	1633798473
23	192	2	1012698672
23	81	3	1365286626
23	188	4	1173183547
23	103	4	1277241960
23	21	2	1241731763
23	74	2	1282723494
23	189	3	1093924016
23	140	4	1397161992
23	52	5	1259439661
23	102	2	1468291483
23	174	3	1546220561
23	73	3	1333066781
23	181	5	1086940807
23	9	2	1146564840
24	4	5	1257435100
24	40	4	1463648015
24	149	4	1312295204
24	47	5	1379312274
24	70	1	1297323834
24	35	5	1620580201
24	16	3	1517575946
24	176	1	993151425
24	57	3	1569010757
24	87	5	1073973043
24	105	3	992755100
24	106	5	1104243652
24	142	5	1292700554
24	167	2	1035666905
24	164	5	1659118442
24	93	2	1358942032
24	193	5	1559879155
24	165	2	1246195522
24	75	3	1423443001
24	154	1	1062168380
24	152	3	1620897576
24	5	3	989451385
24	15	3	1117777280
24	119	4	1041575392
24	107	5	1387913017
24	89	1	1145616679
24	49	1	1669371225
24	104	5	1520323233
24	54	3	1213335985
24	150	3	1174693124
24	144	4	1120740504
25	135	5	1245224053
25	60	5	1275873241
25	6	3	1490982002
25	107	3	1570295905
25	111	4	1285748334
25	191	3	1524916687
25	41	2	1586560979
25	78	2	1139790478
25	78	3	1497255681
25	31	5	994326062
25	124	3	1430413859
25	78	4	1593155367
25	14	4	1107297115
25	19	4	1170628359
25	64	5	1373995312
25	174	3	1438825169
25	110	1	1398110884
25	33	2	1380694936
25	91	4	1108100566
25	40	1	1040082394
25	37	5	1668068748
25	61	5	1066847819
25	101	4	1068095885
25	119	5	1613058957
25	59	5	1191792859
25	33	2	1261101941
25	31	5	1122818568
25	142	4	1223341435
25	99	3	1600794041
25	169	5	1392886227
25	4	5	1499069433
25	94	4	1567429445
25	184	4	972643546
25	189	5	1351788519
25	12	4	1256315323
25	90	5	1420548597
25	26	1	1067087505
25	112	3	1266838928
25	133	5	1306591447
25	48	5	1259798106
25	24	4	1296308334
25	159	3	1645583898
25	47	1	1303100262
25	127	1	962275009
25	45	4	1010622480
25	191	4	1463186940
25	22	1	1259331047
25	107	3	1071087746
25	196	1	987632582
25	102	1	1174241189
25	128	1	1516605891
25	44	5	1650510982
25	108	2	1216497951
26	163	5	949539268
26	149	4	1408750727
26	14	4	1193732573
26	166	3	1642416127
26	198	1	1511004595
26	164	5	1382621424
26	33	4	1375874055
26	38	1	1623477855
26	173	4	1532009362
26	88	1	1460031064
26	88	1	1194700604
26	94	1	1343924270
26	129	2	1349998476
26	124	2	1617057071
26	176	3	1476521790
26	142	1	1514941513
26	180	2	1188092184
26	165	3	1460438344
26	106	2	1231280223
26	68	3	1587831203
26	90	5	1475660042
26	123	5	1629423795
26	108	5	1032454328
26	101	1	1391111349
26	142	5	1608583165
26	99	5	1349553351
26	88	3	1329857866
26	187	5	1510642779
26	4	2	1051919370
26	172	5	1495730791
26	164	3	1464040442
26	14	4	967061211
26	53	4	1328514073
26	53	4	1145463332
26	36	5	1451531138
26	138	5	1426646348
26	93	2	1669390283
26	65	3	1223103089
26	98	1	1352586111
27	152	4	1072415456
27	135	4	1053173277
27	37	3	1618402095
27	193	2	1164013470
27	9	3	1527143742
27	4	5	1324485060
27	80	2	1490256609
27	198	3	1422318139
27	70	3	1332387022
27	123	5	1658124715
27	102	5	967909190
27	68	3	1590645268
27	113	1	1319393332
27	99	2	1648962967
27	30	3	1068287820
27	80	4	1279070947
27	99	4	1058328138
27	2	2	1663520786
27	189	5	1523771118
27	133	2	1096960794
27	180	2	1285637279
27	77	2	1255796265
27	31	4	1302592080
27	106	4	1355707078
27	58	1	1302992791
27	32	4	1575252665
27	31	1	979161845
27	12	3	1652530726
27	198	1	980575029
27	195	4	1585298026
27	75	5	975029040
27	120	4	976330775
27	177	5	1124599580
27	182	1	1157465148
27	15	2	1050297251
27	163	1	1650706947
27	35	1	1056196873
27	133	1	1327405511
27	24	1	1140127203
27	124	5	1189372238
27	27	5	1584286439
27	169	4	963416292
27	69	5	1369904810
27	177	4	1486597441
27	83	2	1506267833
27	193	4	1409313042
27	48	1	1658853399
27	136	1	1524194935
27	164	2	1014367834
27	88	1	1478625021
27	145	2	1508825276
27	150	4	1526901955
27	20	1	1198385576
28	67	1	1622892812
28	108	3	1277589219
28	92	3	1304368705
28	162	5	1670213189
28	29	3	1268360211
28	6	1	1489207318
28	97	5	1419214669
28	172	4	950175466
28	194	5	1153672194
28	81	2	1542059117
28	134	3	1491048774
28	120	5	1546469875
28	1	1	1542058179
28	123	1	1285212171
28	79	1	1588663989
28	92	2	1203548551
28	76	5	1051338486
28	92	4	1102942933
28	16	5	1617965711
28	160	2	1505059266
28	36	5	1586251716
28	145	5	1335751906
28	41	5	1364529469
28	21	4	1562718788
28	46	5	1508149466
28	13	3	1502843232
28	124	5	1095785707
28	35	1	1072247627
28	95	3	1505514023
28	89	4	1472435534
28	157	2	1187017984
29	187	2	1600611323
29	189	2	1040504087
29	5	3	949023585
29	8	3	1394491484
29	50	1	1507460796
29	116	2	1027222828
29	47	3	1213774223
29	141	4	1598591646
29	68	1	989397450
29	170	3	1409394852
29	51	5	1374710974
29	190	3	1044943561
29	137	5	1392251500
29	149	1	975330974
29	136	3	999755057
29	39	2	1128052037
29	177	3	1463999472
29	29	1	1327404336
29	152	2	997952380
29	79	3	974709908
29	103	1	1224040657
29	88	3	1449435127
29	122	1	1004084686
29	126	4	1628630672
29	68	4	1195259568
29	59	5	1210391266
29	131	2	1155792607
29	131	3	1063983008
29	44	4	962000403
29	49	4	1311703556
29	8	4	1590993980
29	185	4	1451790178
29	167	2	1593273855
29	181	1	1327293514
29	41	1	1592475247
29	29	1	1315521371
30	190	4	1186039044
30	182	4	1482713631
30	82	2	1207513608
30	1	1	1466072248
30	177	4	1332714748
30	172	1	1423750094
30	134	4	1385905914
30	45	2	1640490747
30	196	1	983705180
30	165	1	1361194461
30	66	3	1356498877
30	180	5	1273811605
30	149	2	1349801439
30	50	2	1541809175
30	61	3	1291203074
30	145	1	1362557780
30	156	1	959475339
30	173	5	1398340209
30	44	2	1602631211
30	74	2	963132384
30	80	2	1356273717
30	55	5	1020721153
30	121	3	1392358774
30	44	4	1224443054
30	96	3	1289613509
30	156	1	1219271385
30	134	1	1110897079
30	115	4	994563716
30	63	5	1324444748
30	146	3	1456355881
30	59	5	1580005669
30	62	4	1635084200
30	99	3	1257865752
30	76	1	954083943
30	197	5	1572478894
30	23	4	1658011781
30	104	2	1058211422
30	86	3	1516910706
31	53	3	1636572837
31	63	5	960426179
31	85	4	1617112984
31	91	1	1294565452
31	130	4	947582063
31	30	4	1541470638
31	144	5	1202794867
31	73	5	1195761384
31	65	2	1453358537
31	36	5	1290690845
31	170	5	1234488528
31	110	2	1547565079
31	76	4	1454961334
31	30	3	1386331440
31	198	1	1508306382
31	61	3	1183651742
31	188	3	1053941586
31	45	1	1201114505
31	83	4	1403090003
31	98	4	987686204
31	166	3	1083032325
31	148	5	1152203090
31	62	3	1435341848
31	178	4	1469072118
31	74	4	955887489
31	171	2	1344238761
31	85	4	1325632760
31	131	5	1609737011
31	134	1	1169908267
31	129	5	1405887100
31	81	3	1285631588
31	46	2	1527261854
31	148	2	1550812600
31	105	5	1518580763
31	198	4	1461852176
31	74	4	1105748898
31	23	3	1584188242
31	141	4	1079072017
31	27	4	1124975881
31	122	4	1275907645
31	89	3	1663678164
31	185	3	1011616095
31	136	3	1488909617
31	72	4	1081081083
31	100	1	1287380405
31	91	4	955943936
31	80	5	1370458240
32	102	3	1305130484
32	158	2	1181116622
32	78	2	1665723396
32	82	4	1002500904
32	121	2	1474813006
32	61	3	1133291563
32	27	1	1513962952
32	107	5	1537915476
32	189	1	1517199400
32	17	1	1444960448
32	173	2	1308941844
32	107	5	1553604503
32	18	1	1493885404
32	128	4	1182828533
32	71	2	1395337750
32	103	3	1455458360
32	63	5	1312349187
32	82	5	1048648131
32	4	5	1271167681
32	46	4	1001820128
32	105	4	1277730945
32	125	4	1045120816
32	191	1	1519899361
32	115	5	1311183660
32	39	1	1470850666
32	23	4	1431792356
32	182	4	1379428330
32	199	5	1134866011
32	145	5	1463510669
32	70	4	1106742920
32	200	2	1148391112
33	14	3	1607578067
33	153	3	1456287004
33	87	3	1125256214
33	109	2	1453096679
33	116	3	1046340255
33	108	5	1103166125
33	107	3	1487073460
33	13	3	996021640
33	135	3	1332911511
33	191	2	1647266464
33	13	2	1318381242
33	2	4	1551933321
33	184	5	1628023389
33	83	2	1121396589
33	135	3	1589931216
33	90	1	1106185481
33	84	4	1091396095
33	86	3	1130323986
33	182	4	1371312104
33	155	4	1619279175
33	102	2	1603964106
33	5	5	1616718634
33	123	3	1226284336
33	142	1	1396546764
33	93	4	1671885011
33	11	1	1228505240
33	157	5	1311106860
33	149	3	1138605577
33	25	4	1258596375
33	46	1	1098232061
33	24	5	1092975403
33	137	2	1062553547
33	189	3	1270189546
33	162	1	1517976884
33	22	2	1560908895
33	129	4	1144677629
33	45	2	1553019039
33	85	5	1191562850
33	16	2	1128110594
33	82	2	1108719069
33	64	2	1646796056
33	114	5	1413113439
34	182	3	1260435721
34	114	2	1188764425
34	199	2	1117612188
34	154	3	1464771192
34	75	1	1550779138
34	30	5	1119601002
34	173	1	1424113960
34	87	1	1294214990
34	126	5	1196934167
34	47	2	1294962750
34	138	1	1353111301
34	104	2	1546531226
34	101	4	1242838680
34	75	4	1377598198
34	37	4	1619075840
34	144	5	1382903366
34	95	2	1139310187
34	101	2	1641986413
34	197	4	1608798489
34	28	3	1313423196
34	48	1	1190692366
34	22	5	1525014459
34	123	3	1087670274
34	194	5	1609767051
34	132	3	961800015
34	184	5	1130922803
34	98	1	1215680935
34	181	1	958151264
34	25	4	1616114163
34	119	1	1582848372
34	91	2	1377263368
34	11	2	1126535942
34	81	4	1615144253
34	145	4	1491156035
34	155	5	1173994885
34	174	2	1617903932
34	158	5	1601545296
34	37	1	1348351616
34	102	2	1176451383
34	183	1	1603907082
34	19	3	1583102426
34	148	1	1567786518
34	86	2	957513649
34	163	1	1082996893
34	29	3	1560084214
34	194	1	1175858880
35	112	3	1372073919
35	85	4	1345415173
35	72	4	1343193236
35	32	5	1160027796
35	20	1	1086012661
35	164	3	1216064792
35	137	5	1051454029
35	108	2	1578134408
35	186	5	1434756879
35	59	3	1224371083
35	40	1	1472433989
35	144	3	1012978450
35	68	5	1564614167
35	164	4	992628632
35	198	1	1025051970
35	126	1	1230976168
35	199	3	1526372546
35	77	2	1382569447
35	26	1	1269818809
35	101	3	1070098411
35	89	1	1666140236
35	33	5	1525060641
35	153	1	1370733001
35	5	5	1002288966
35	154	3	1649011309
35	109	4	1404884697
35	29	4	1089538714
35	104	1	1006208822
35	38	3	1112495710
35	26	1	973474511
35	52	4	946708243
35	14	1	1279481688
35	107	5	1062260926
35	182	5	1002437567
35	55	2	1631369704
35	15	3	1196263804
35	170	1	1659592731
35	19	3	1424419621
35	197	4	1147139499
35	15	5	1583924728
35	73	2	1635186349
35	160	4	1040695245
35	115	2	1502865030
35	144	2	1361018640
36	69	1	1578061229
36	158	1	1640696503
36	115	2	1515629529
36	164	3	1349098669
36	38	1	1259170940
36	153	4	1132942536
36	194	4	999502799
36	175	2	1145346428
36	46	2	1200319385
36	126	2	1533707722
36	56	4	1308075062
36	10	3	1162144586
36	22	2	1543481316
36	82	4	1623286854
36	190	2	1015805381
36	97	3	1238830970
36	39	5	1071495539
36	136	3	997215011
36	179	1	1649277611
36	172	5	1469900750
36	103	1	1671160644
36	96	1	1494405061
36	35	3	990501446
36	11	4	1505137581
36	33	3	1489898182
36	72	4	1613682991
36	25	3	1418046182
36	118	5	1138346724
36	49	1	1640152501
36	139	3	1240667641
36	194	2	982915789
36	18	5	1398863781
36	50	3	1205512090
36	181	4	1504452166
36	15	2	1300570922
36	122	4	1034746968
36	41	4	1487750809
36	13	2	1074590792
36	184	3	1008726603
36	19	3	1302564413
36	67	4	1518788334
36	176	4	1515996090
36	123	1	1186230996
36	172	2	1199207346
36	185	4	1577621049
36	173	4	1406637167
36	143	4	1002912216
37	65	5	1597516615
37	12	5	948747544
37	17	4	962889008
37	83	3	1446388397
37	164	1	1660068265
37	193	4	1001728872
37	127	2	1246118565
37	178	4	1449139114
37	179	4	958984042
37	158	4	1488230319
37	159	1	952080062
37	198	4	1117083494
37	194	4	1112523040
37	73	3	1653060397
37	156	2	1574792221
37	44	3	1559280570
37	178	2	1494168608
37	74	2	1520160124
37	18	1	1485563017
37	166	1	1184156899
37	114	3	1466074347
37	76	5	1661936017
37	167	1	1006981277
37	68	4	1479536382
37	77	2	1177198355
37	188	4	1195088831
37	91	1	1018868752
37	3	2	1061712734
37	28	2	1203345178
37	47	3	1644188008
37	97	3	1544568799
37	84	1	1562702301
37	139	4	1524350895
37	26	1	1564004742
37	136	2	1242438222
38	132	1	1526527989
38	157	5	1088359289
38	161	3	1432542426
38	52	5	1606482698
38	124	1	1611530458
38	116	5	1076057075
38	148	5	959444876
38	12	5	1203142039
38	189	4	988010514
38	69	4	1380738741
38	13	1	1632251509
38	94	3	1359053216
38	12	1	1436136619
38	57	1	1033079775
38	191	5	1281148846
38	58	3	1144500794
38	48	1	1216253442
38	147	4	1470285527
38	74	2	1050729649
38	188	2	1449598757
38	52	4	1188581143
38	183	2	1013933927
38	159	4	1499973615
38	65	3	1310230203
38	42	3	1240576794
38	97	2	1070482645
38	169	2	1029499538
38	30	5	1024588573
38	93	2	1628577043
38	178	4	1661508165
38	112	5	1098103717
38	166	3	1661116926
38	139	4	1472346551
38	188	5	1002734769
38	15	1	1596848737
38	91	5	1069772646
38	29	3	1101636253
38	59	5	1621396566
38	164	4	1160722355
39	160	1	1435075644
39	140	5	1426754482
39	58	2	1659730239
39	105	3	1564648999
39	69	2	1077058067
39	6	3	1458178148
39	155	5	1369313932
39	41	1	1458069565
39	20	5	1126099780
39	59	3	1407561533
39	38	3	1006943400
39	23	4	1028626223
39	171	4	1343855247
39	199	4	1560548584
39	165	2	1646528630
39	80	2	1387648071
39	100	2	1462927989
39	91	4	1312708277
39	7	3	1007739178
39	3	3	1297992584
39	9	2	1362122625
39	51	5	1189777983
39	180	1	1346886172
39	133	4	1587693319
39	76	3	1098568312
39	200	3	991172809
39	83	4	1598491249
39	178	1	1634081912
39	55	2	1524045429
39	62	4	1353449474
39	117	1	1259752957
39	9	1	1567933866
39	191	2	1541454669
39	147	2	1289333174
39	73	5	1117930914
39	49	2	1405622454
39	63	5	1528262347
39	22	5	1159517961
39	90	3	1026624229
39	101	2	1463347563
39	16	2	1637915879
39	171	4	1058482556
39	116	3	1144628502
39	108	4	1610063506
39	102	4	1209203499
39	42	3	1314548486
39	40	5	1217406833
40	186	5	1245956176
40	178	2	1404205331
40	183	5	1631590945
40	43	4	1239537798
40	76	5	1171901010
40	39	1	1316324694
40	42	4	1150810165
40	132	3	1643430859
40	63	2	1165420036
40	99	5	1344320951
40	78	4	1385422158
40	15	2	1047983134
40	152	4	1161892922
40	134	1	1421586555
40	41	3	1479490340
40	101	3	1333722790
40	113	2	996709760
40	157	5	1630096513
40	176	4	1267865420
40	198	5	1427313477
40	75	3	1610308039
40	173	4	1285566736
40	1	4	1323886451
40	117	4	1008418599
40	186	4	1228034822
40	11	5	1359466818
40	32	4	1082413339
40	26	5	1569736169
40	120	3	1588890166
40	135	4	1214051122
40	102	3	1580582123
40	87	5	1007804897
40	162	3	1441184810
40	12	3	1478218540
40	141	3	995427765
40	69	5	1114090512
40	95	3	1330763792
40	79	5	1097841228
40	128	3	1496360196
40	94	5	987370069
40	55	1	1065401223
40	105	3	1272615829
40	154	1	1209791608
40	52	2	1222760338
40	167	1	1321639867
40	153	1	1631112165
40	135	2	1291536160
40	55	2	1361282023
40	64	2	1396562461
40	149	2	1264721303
40	124	2	1002091361
40	186	5	1263665480
40	132	3	1261906428
40	147	5	1299418573
40	104	3	1504995895
41	138	3	1259411072
41	113	5	1394202532
41	183	2	1314070324
41	138	5	1211431623
41	86	5	1237280363
41	178	3	1265405193
41	7	4	1598019506
41	26	1	1313835126
41	35	4	1401552319
41	76	4	1091835094
41	122	3	1328293025
41	155	3	1556189085
41	72	4	1452358596
41	78	5	1018981538
41	156	4	1229426433
41	3	4	1546136502
41	61	5	1668482222
41	121	3	1662738022
41	187	3	1129675858
41	7	2	1100136506
41	133	4	1225420738
41	23	4	1426166857
41	188	4	1214319857
41	152	1	1570346441
41	140	1	1001379259
41	169	1	1622171526
41	107	3	1059294660
41	88	2	1517654863
41	16	3	1608127875
41	67	4	1200253367
41	40	1	1315663768
41	104	3	1026828994
41	25	3	1375384408
41	100	4	1304384992
41	61	1	1473943220
41	36	4	1638336288
41	48	5	994748085
42	13	4	969881718
42	9	5	1093914681
42	165	4	1583922948
42	89	4	1596684952
42	142	1	1061103880
42	186	1	1201708552
42	168	5	1225895106
42	84	4	1595717764
42	171	1	1624870176
42	27	5	1237475707
42	154	5	1657954074
42	164	5	963192261
42	82	1	1040748593
42	133	5	1465217170
42	102	4	1148097081
42	146	4	1300303638
42	156	3	1489523697
42	115	2	1532089761
42	61	3	1072982622
42	179	1	1175882167
42	164	1	1094849022
42	29	5	1549885681
42	101	5	1011073381
42	125	4	1199104733
42	100	3	1412586102
42	145	2	1196913805
42	198	1	1270598288
42	147	1	965316270
42	132	3	1388419597
42	82	2	1614842372
42	25	2	1130571269
42	185	5	1295928956
42	197	2	1049813483
42	57	4	1500363953
42	37	2	1347470959
42	181	4	1284772826
42	106	5	1108565645
42	9	5	983402714
43	54	2	1151024666
43	27	1	1507474963
43	128	1	1661475495
43	159	2	1088715744
43	85	2	1470755806
43	65	5	1379333014
43	134	3	1165357917
43	175	4	1512236352
43	18	2	1496490037
43	81	2	1248680316
43	183	4	1312964341
43	40	2	1271884884
43	164	4	1278346584
43	60	4	1605078499
43	79	1	1501668298
43	44	5	1148226514
43	53	1	1369877533
43	10	1	1268591807
43	155	1	1255507873
43	104	1	1566242662
43	66	1	1190813609
43	23	2	1412398499
43	174	2	1538824808
43	156	3	1026276981
43	65	4	1220808597
43	147	1	1234224196
43	91	5	1443328222
43	111	4	1307689486
43	148	4	1460100795
43	122	1	1598918627
43	122	3	946833564
43	94	4	1502465854
43	135	1	1421859904
43	17	2	1557932628
43	30	1	1228289643
43	176	1	1422817199
43	27	5	1401388544
43	83	5	1426992386
43	169	4	1507992031
43	162	4	1564449173
43	138	1	1240832798
43	93	4	1575505227
43	110	4	1223657199
43	150	5	1332741421
43	40	2	995436176
44	191	2	1222193275
44	156	5	1624373668
44	168	3	1609275979
44	21	3	1435387256
44	52	1	1101817808
44	109	1	1221730310
44	54	4	1306572184
44	152	5	1351962900
44	162	1	1103340539
44	178	5	1189093471
44	154	5	1406571444
44	42	3	1152267343
44	135	1	1407464586
44	75	5	1071848182
44	82	3	1600046596
44	51	4	1115362610
44	11	3	1300629935
44	189	4	1352555505
44	161	4	1260157999
44	167	2	1273119412
44	22	2	1092483106
44	76	2	1607489981
44	189	3	1327732629
44	94	5	1195463575
44	170	4	1550670127
44	49	1	1194490423
44	39	5	1386536753
44	3	3	1564669344
44	101	1	1286655400
44	115	4	1608580211
44	9	1	1433421126
44	16	2	1139673641
44	66	2	1016332922
44	43	2	1540133290
44	36	3	1565461836
44	130	2	1227425435
44	11	1	1148579079
45	56	1	1467858543
45	58	4	1442966841
45	125	5	1013305963
45	161	1	1231059156
45	139	3	1449767400
45	175	1	1285770288
45	89	3	1213171429
45	30	1	1490319234
45	108	5	1449666453
45	121	5	1638434121
45	73	4	1455274910
45	122	3	994511711
45	86	3	1173745523
45	185	1	991241059
45	15	5	1205175695
45	60	2	1330356866
45	194	1	1550288801
45	53	1	1181727635
45	64	1	1245119622
45	84	3	1407811624
45	115	5	1317809603
45	2	4	1249737179
45	76	1	1659886920
45	144	5	1377113190
45	72	4	1424690586
45	16	4	960040114
45	121	1	1282046151
45	110	1	1093393823
45	149	3	1556899321
45	159	4	1391210091
45	78	2	1467914592
45	169	3	1004920632
45	53	2	1161908526
45	179	5	1436459551
45	143	2	1444074873
45	59	1	1496290484
45	117	4	1550492236
46	179	2	1534482493
46	136	5	1158993447
46	22	4	1063727268
46	108	2	1059329471
46	140	2	1165362948
46	185	1	1087912407
46	8	4	1421608842
46	50	2	1547977948
46	76	3	1297975420
46	102	3	1339500339
46	104	5	1103168469
46	162	3	1198038793
46	101	5	1476468591
46	37	5	1655669849
46	165	4	1506424365
46	29	3	1330059864
46	32	5	1199025828
46	98	5	1300050647
46	174	2	1313558306
46	23	1	1140812839
46	14	2	1248238340
46	127	4	1361762037
46	82	2	1581249454
46	16	3	1321450310
46	41	5	1590034022
46	195	4	1006029151
46	186	5	1595852388
46	29	4	1663945638
46	86	3	1207413276
46	97	1	975136338
46	190	4	1429855155
47	171	2	1462373625
47	98	5	1192364655
47	184	5	1029626596
47	82	5	1063984665
47	167	3	1375946695
47	178	2	1181847450
47	103	4	1406321616
47	122	3	1164447716
47	13	5	1600991514
47	79	3	1214013173
47	126	5	1539873647
47	149	3	1417811859
47	76	4	1516322318
47	176	2	1409408635
47	165	5	997515967
47	150	3	1371334357
47	126	1	1182449193
47	79	5	1637178696
47	128	3	1623008047
47	112	3	1262338450
47	6	2	1369684094
47	189	3	1637097425
47	172	2	1059111700
47	118	3	982431025
47	122	3	1513209057
47	121	1	1175324795
47	23	4	1533404908
47	177	5	1381707104
47	55	2	1103431256
47	66	4	1633605868
47	176	3	1592044325
47	42	1	1310507278
47	197	3	1124002449
47	118	5	1116511999
47	195	3	1356060827
47	70	1	1523545870
47	194	2	1385665241
47	71	4	1478670193
47	39	2	1123637874
47	104	2	1272144226
47	195	2	1397537729
47	11	4	1418924003
48	173	2	1277132306
48	54	3	1212447624
48	44	2	1375301258
48	82	5	1014626503
48	120	1	1596862837
48	91	2	1190640732
48	89	5	1050626992
48	132	4	1119035294
48	82	1	1406855297
48	194	1	1134685654
48	88	1	1215333364
48	65	3	1345800149
48	160	5	1671456249
48	111	4	1347117593
48	40	5	1609277455
48	102	5	1660085103
48	75	2	1041724155
48	180	4	1344417450
48	112	2	1301209217
48	161	3	1671265994
48	90	4	1627421509
48	74	4	1042668990
48	6	4	1002211734
48	102	5	1012951001
48	132	3	1148142636
48	153	2	1252472049
48	146	5	1293919642
48	146	1	1025539010
48	191	2	1229531871
48	68	5	964024852
48	175	3	1643493911
48	8	5	1619321518
48	94	4	1005612702
48	110	5	1644592231
48	174	5	963129436
48	22	3	1551636100
48	192	1	1497248169
48	134	1	1585122510
48	148	2	1487055768
48	3	2	1086000365
49	111	1	1277643698
49	109	2	1624045511
49	200	5	1116039904
49	191	4	1458693842
49	28	3	1578048706
49	85	4	1325603090
49	83	1	1272984152
49	89	1	1428891335
49	177	3	1392533243
49	95	2	1516795502
49	78	5	970318815
49	61	4	1632591457
49	20	2	1632491690
49	147	2	1285532705
49	24	4	1135629603
49	154	1	1036154225
49	105	5	1327795742
49	103	5	1607255773
49	133	1	1465369818
49	82	5	1241501561
49	20	2	1224633558
49	154	4	1179712915
49	126	4	1449155800
49	134	1	1477124088
49	163	2	1233978265
49	92	4	1489443879
49	20	3	1521136284
49	36	1	1352483294
49	193	5	1339318177
49	183	3	1663123592
49	5	2	1012240306
49	97	5	949448269
49	163	5	1351263619
49	141	1	1356494294
49	137	2	1289202458
49	129	5	1246439637
49	133	3	1167800650
49	187	4	1183305185
49	43	1	1500768580
49	106	4	1355819349
49	87	2	1537602734
50	132	2	1533246038
50	26	4	1084252805
50	155	4	1112043233
50	161	4	1582915103
50	105	2	1000568086
50	43	2	1289248376
50	176	1	1498252032
50	69	5	1492735092
50	144	5	1188934232
50	46	4	1499933153
50	180	1	1031477593
50	166	2	1603306650
50	127	1	1580341738
50	134	5	1648530156
50	48	2	1070874200
50	51	4	1478472970
50	124	2	985698007
50	75	5	1648429308
50	60	1	1426828360
50	86	5	1214090611
50	18	5	1587606016
50	124	3	1600989097
50	102	5	1070173704
50	50	4	1298537499
50	152	3	1567545348
50	71	3	1634124549
50	24	4	1313143854
50	167	2	1125264396
50	33	2	1375692707
50	72	3	1307021404
50	28	4	1494117672
50	28	3	1274540939
50	114	4	1002061735
50	56	1	1081873369
50	30	5	1312312310
50	111	2	1503295239
50	152	3	1485422871
50	146	2	1646851023
50	108	1	972157604
50	63	4	1575078827
50	35	5	1445296270
50	154	5	1062365254
50	69	5	1071848539